"anio","mes","tot_Extorsion","tot_Homicidio","tot_Resto","tot_Robo_vehi","tot_Secuestro","tot_incid","tot_pob","tasa_incid","tasa_homic","tasa_extor","tasa_secue"
1997,1,68,1410,110769,12306,79,124632,94720541,131.578640371152,1.4885894707886,0.0717901305061169,0.0834032398526947
1997,2,72,1406,108550,11192,70,121290,94720541,128.050366604219,1.4843665219353,0.0760130793594179,0.0739016049327674
1997,3,63,1551,113487,11960,66,127127,94720541,134.212704718399,1.63744841786746,0.0665114444394907,0.0696786560794664
1997,4,64,1371,117117,11728,75,130355,94720541,137.620624443013,1.44741571946892,0.0675671816528159,0.0791802909993937
1997,5,60,1432,117266,11625,109,130492,94720541,137.765260441238,1.51181568948176,0.0633442327995149,0.115075356252452
1997,6,68,1400,115676,11660,106,128910,94720541,136.095084169758,1.47803209865535,0.0717901305061169,0.111908144612476
1997,7,63,1274,107629,12121,92,121179,94720541,127.93317977354,1.34500920977637,0.0665114444394907,0.0971278236259229
1997,8,70,1325,101789,13421,83,116688,94720541,123.191863948497,1.39885180765596,0.0739016049327674,0.0876261887059957
1997,9,70,1329,104575,13519,145,119638,94720541,126.306288727806,1.40307475650926,0.0739016049327674,0.153081895932161
1997,10,85,1364,108093,14089,91,123722,94720541,130.617919507026,1.44002555897564,0.0897376631326462,0.0960720864125977
1997,11,74,1473,98721,14315,79,114662,94720541,121.0529403543,1.55510091522809,0.0781245537860684,0.0834032398526947
1997,12,119,1531,96764,13782,52,112248,94720541,118.504390721333,1.61633367360096,0.125632728385705,0.0548983350929129
1998,1,86,1314,94597,15082,64,111143,96116960,115.633078699118,1.36708443546279,0.089474323782192,0.0665855432797708
1998,2,76,1189,94275,13606,71,109217,96116960,113.629270006043,1.23703454624449,0.0790703326447278,0.0738683370759957
1998,3,102,1447,105311,14025,83,120968,96116960,125.854999991677,1.50545751759107,0.106120709602135,0.0863531264409528
1998,4,59,1379,98578,12689,72,112777,96116960,117.33309085098,1.43471037785631,0.0613835477110387,0.0749087361897422
1998,5,80,1423,102751,12976,50,117280,96116960,122.01800806018,1.48048793886115,0.0832319290997135,0.0520199556873209
1998,6,72,1323,103960,12905,53,118313,96116960,123.09274034468,1.37644802748651,0.0749087361897422,0.0551411530285602
1998,7,81,1215,101773,12912,75,116056,96116960,120.744559544954,1.2640849232019,0.0842723282134599,0.0780299335309814
1998,8,86,1116,98915,13159,63,113339,96116960,117.917795152905,1.161085410941,0.089474323782192,0.0655451441660244
1998,9,105,1149,98774,12990,45,113063,96116960,117.630644997511,1.19541858169464,0.109241906943374,0.0468179601185889
1998,10,98,938,104632,11767,59,117494,96116960,122.240653470522,0.975894368694141,0.101959113147149,0.0613835477110387
1998,11,85,837,98798,11041,47,110808,96116960,115.284544996013,0.870814058205753,0.0884339246684456,0.0488987583460817
1998,12,90,886,93156,10345,52,104529,96116960,108.751878960799,0.921793614779327,0.0936359202371777,0.0541007539148138
1999,1,236,1203,97945,13564,50,112998,97482584,115.916090201302,1.23406658978182,0.242094526341239,0.0512912132078895
1999,2,255,1209,96920,13090,37,111511,97482584,114.390689520499,1.24022153536677,0.261585187360237,0.0379554977738382
1999,3,277,1268,109446,14078,48,125117,97482584,128.34805445863,1.30074516695208,0.284153321171708,0.0492395646795739
1999,4,245,1152,103128,12506,51,117082,97482584,120.105556496122,1.18174955230977,0.251326944718659,0.0523170374720473
1999,5,324,1271,107020,13144,45,121804,97482584,124.949498671476,1.30382263974455,0.332367061587124,0.0461620918871006
1999,6,298,1146,102938,12535,44,116961,97482584,119.981431760159,1.17559460672483,0.305695630719022,0.0451362676229428
1999,7,323,1192,99705,12635,47,113902,97482584,116.843435336101,1.22278252287609,0.331341237322966,0.0482137404154162
1999,8,322,1262,104809,12648,51,119092,97482584,122.16746326708,1.29459022136713,0.330315413058809,0.0523170374720473
1999,9,303,1212,101445,12667,57,115684,97482584,118.67145417483,1.24329900815924,0.310824752039811,0.0584719830569941
1999,10,284,1254,102070,13431,60,117099,97482584,120.122995508613,1.28638362725387,0.291334091020812,0.0615494558494674
1999,11,261,1159,97724,12728,46,111918,97482584,114.808199996012,1.18893032215888,0.267740132945183,0.0471879161512584
1999,12,263,1291,92711,12980,54,107299,97482584,110.069917719867,1.32433912502771,0.269791781473499,0.0553945102645207
2000,1,94,1249,93292,11997,33,106665,98785275,107.976618984965,1.2643584785283,0.0951558822911613,0.0334057884639183
2000,2,103,1226,97313,13165,43,111850,98785275,113.225376960281,1.24107565626557,0.10426655187223,0.0435287546651057
2000,3,106,1175,105151,14281,46,120759,98785275,122.243927548919,1.18944852863952,0.107303441732586,0.0465656445254619
2000,4,93,1123,95245,11999,33,108493,98785275,109.827097206542,1.13680910439334,0.0941435856710426,0.0334057884639183
2000,5,109,1123,103428,13115,55,117830,98785275,119.278910748591,1.13680910439334,0.110340331592942,0.0556763141065306
2000,6,97,1011,100867,13170,57,115202,98785275,116.618595230919,1.02343188294004,0.0981927721515175,0.057700907346768
2000,7,102,1154,102070,13666,67,117059,98785275,118.498430054479,1.16819029961702,0.103254255252111,0.0678238735479554
2000,8,98,1096,101906,13758,98,116956,98785275,118.394163502607,1.10947709565014,0.0992050687716363,0.0992050687716363
2000,9,111,1232,100018,13178,38,114577,98785275,115.985909843345,1.24714943598628,0.11236492483318,0.038467271564512
2000,10,94,1110,103337,13933,37,118511,98785275,119.968284746892,1.1236492483318,0.0951558822911613,0.0374549749443933
2000,11,78,1141,98778,13198,47,113242,98785275,114.634493855486,1.15503044355548,0.0789591363692615,0.0475779411455807
2000,12,83,1209,92479,12762,37,106570,98785275,107.880450806054,1.22386661372355,0.0840206194698552,0.0374549749443933
2001,1,118,1200,100206,13125,36,114685,100105299,114.564364869436,1.19873774114595,0.117875877879352,0.0359621322343785
2001,2,94,1115,99295,11833,47,112384,100105299,112.265785250789,1.11382715114811,0.0939011230564328,0.0469505615282164
2001,3,116,1217,109441,13171,46,123991,100105299,123.860576052023,1.21571985914552,0.115877981644109,0.0459516134105948
2001,4,101,1210,102630,12072,31,116044,100105299,115.921935361284,1.20872722232217,0.100893759879784,0.0309673916462704
2001,5,121,1233,112248,13064,39,126705,100105299,126.571721243248,1.23170302902746,0.120872722232217,0.0389589765872434
2001,6,93,1202,108713,12421,39,122468,100105299,122.339178068885,1.20073563738119,0.0929021749388112,0.0389589765872434
2001,7,113,1248,107812,11890,41,121104,100105299,120.976612836449,1.24668725079179,0.112881137291244,0.0409568728224867
2001,8,122,1130,109225,12446,44,122967,100105299,122.837653179578,1.12881137291244,0.121871670349838,0.0439537171753515
2001,9,128,1028,106226,11868,42,119292,100105299,119.166518847319,1.02691866491503,0.127865359055568,0.0419558209401083
2001,10,117,1094,112558,12526,50,126345,100105299,126.212099920904,1.09284924067806,0.11687692976173,0.0499474058810813
2001,11,114,1031,104357,12430,37,117969,100105299,117.844910487706,1.0299155092679,0.113880085408865,0.0369610803520001
2001,12,100,1147,100208,12873,53,114381,100105299,114.260684641679,1.145793490912,0.0998948117621626,0.0529442502339462
2002,1,109,1156,104580,13125,35,119005,101493987,117.253251663076,1.13898373112488,0.107395524820598,0.0344848015478986
2002,2,125,1076,101132,11656,33,114022,101493987,112.3436012027,1.06016132758683,0.123160005528209,0.0325142414594473
2002,3,127,1123,106543,11965,38,119796,101493987,118.032608178059,1.10646948966543,0.125130565616661,0.0374406416805756
2002,4,147,1147,113166,11383,42,125885,101493987,124.031978367349,1.13011621072685,0.144836166501174,0.0413817618574783
2002,5,142,1162,113755,11198,43,126300,101493987,124.440869585703,1.14489541139023,0.139909766280046,0.042367041901704
2002,6,121,1058,105413,11208,33,117833,101493987,116.098503451244,1.04242628679076,0.119218885351307,0.0325142414594473
2002,7,131,1104,107982,11720,33,120970,101493987,119.18932694998,1.08774916882514,0.129071685793563,0.0325142414594473
2002,8,156,1130,109679,11847,33,122845,101493987,121.036727032903,1.11336644997501,0.153703686899205,0.0325142414594473
2002,9,138,1029,106567,10938,41,118713,101493987,116.965549890162,1.01385316550822,0.135968646103143,0.0403964818132526
2002,10,183,1011,115250,12180,31,128655,101493987,126.761204089854,0.996118124712157,0.180306248093298,0.0305436813709959
2002,11,142,1058,100365,11379,40,112984,101493987,111.320880516794,1.04242628679076,0.139909766280046,0.039411201769027
2002,12,115,1094,99160,12071,33,112473,101493987,110.817402414194,1.07789636838289,0.113307205085953,0.0325142414594473
2003,1,137,1084,98701,12692,45,112659,102890474,109.494101465603,1.05354748390021,0.133151296396982,0.0437358272836803
2003,2,146,1032,98889,11624,30,111721,102890474,108.582452443557,1.00300830570574,0.141898461853718,0.0291572181891202
2003,3,169,1127,109517,11947,43,122803,102890474,119.353128842618,1.09533949663795,0.164252329132044,0.041792012737739
2003,4,153,1066,104843,11753,31,117846,102890474,114.535384490502,1.03605315298674,0.148701812764513,0.0301291254620909
2003,5,175,1114,112810,12378,25,126502,102890474,122.948213845336,1.08270470208933,0.170083772769868,0.0242976818242668
2003,6,169,1016,109374,11877,36,122472,102890474,119.031427535264,0.987457789338204,0.164252329132044,0.0349886618269443
2003,7,156,1057,109762,12555,32,123562,102890474,120.090806462802,1.02730598753,0.151617534583425,0.0311010327350616
2003,8,147,1038,106688,12262,24,120159,102890474,116.783406012883,1.00883974934356,0.142870369126689,0.0233257745512962
2003,9,162,1050,108876,12446,43,122577,102890474,119.133477798926,1.02050263661921,0.157448978221249,0.041792012737739
2003,10,192,1036,113106,12785,29,127148,102890474,123.576065943675,1.00689593479762,0.186606196410369,0.0281853109161495
2003,11,161,1046,104004,11814,45,117070,102890474,113.781184446677,1.01661500752732,0.156477070948278,0.0437358272836803
2003,12,143,1010,98282,12685,30,112150,102890474,108.999400663661,0.98162634570038,0.138982740034806,0.0291572181891202
2004,1,181,938,94481,12472,35,108107,104272444,103.677439458502,0.89956652401856,0.173583732246652,0.0335659150753194
2004,2,154,939,98928,11866,37,111924,104272444,107.338042254001,0.900525550163569,0.147690026331405,0.0354839673653377
2004,3,195,1052,114114,12431,46,127838,104272444,122.599984325677,1.0088955045496,0.18701009827678,0.0441152026704198
2004,4,191,1002,103130,11212,24,115559,104272444,110.82410229111,0.960944197299145,0.183173993696743,0.023016627480219
2004,5,180,1013,109713,11790,13,122709,104272444,117.681139227925,0.971493484894245,0.172624706101643,0.0124673398851186
2004,6,186,1039,109423,11536,28,122212,104272444,117.204503233855,0.996428164664482,0.178378862971697,0.0268527320602555
2004,7,206,892,107298,11159,25,119580,104272444,114.680346420191,0.855451321348141,0.19755938587188,0.0239756536252282
2004,8,235,922,107361,11667,17,120202,104272444,115.276860682387,0.884222105698414,0.225371144077145,0.0163034444651551
2004,9,191,878,106259,11894,12,119234,104272444,114.348523374018,0.842024955318013,0.183173993696743,0.0115083137401095
2004,10,234,1002,111152,12584,29,125001,104272444,119.879227152286,0.960944197299145,0.224412117932136,0.0278117582052647
2004,11,240,984,105454,13490,16,120184,104272444,115.259598211777,0.94368172668898,0.23016627480219,0.015344418320146
2004,12,223,997,98154,12356,41,111771,104272444,107.191311253815,0.956149066574099,0.213862830337035,0.0393200719453742
2005,1,223,952,100588,13037,21,114821,105669369,108.660628038765,0.900923331907092,0.21103561241101,0.0198733087920682
2005,2,222,921,100376,12296,29,113844,105669369,107.736046005915,0.871586542737849,0.210089264373293,0.0274440930938085
2005,3,276,955,106301,12560,25,120117,105669369,113.672487246517,0.903762376020245,0.261192058410039,0.0236587009429383
2005,4,278,1023,108537,12033,31,121902,105669369,115.361718493843,0.968114042585037,0.263084754485474,0.0293367891692435
2005,5,303,990,111332,11197,24,123846,105669369,117.201419079166,0.936884557340358,0.286743455428413,0.0227123529052208
2005,6,298,1026,108146,11082,13,120565,105669369,114.096451167414,0.97095308669819,0.282011715239825,0.0123025244903279
2005,7,292,928,99486,11402,24,112132,105669369,106.115898165343,0.878210979001871,0.27633362701352,0.0227123529052208
2005,8,265,839,105875,12157,25,119161,105669369,112.767778522459,0.793986003645011,0.250782229995146,0.0236587009429383
2005,9,194,890,105423,11772,18,118297,105669369,111.950133817871,0.842249753568605,0.183591519317202,0.0170342646789156
2005,10,227,900,107541,12301,25,120994,105669369,114.502434475595,0.85171323394578,0.21482100456188,0.0236587009429383
2005,11,210,890,105014,11864,25,118003,105669369,111.671907494782,0.842249753568605,0.198733087920682,0.0236587009429383
2005,12,191,932,99034,11824,18,111999,105669369,105.990033876326,0.881996371152742,0.180752475204049,0.0170342646789156
2006,1,222,995,103556,12041,52,116866,107155391,109.062174949275,0.928558041470821,0.207175764026655,0.0485276564386761
2006,2,220,882,101691,11191,64,114048,107155391,106.432349259964,0.823103711132928,0.205309315702091,0.0597263463860628
2006,3,277,1003,116200,12379,62,129921,107155391,121.24541638787,0.936023834769078,0.258503092952178,0.0578598980614984
2006,4,229,959,106624,11610,50,119472,107155391,111.494157116183,0.89496197162866,0.213708333162631,0.0466612081141116
2006,5,272,1049,115048,12371,64,128804,107155391,120.203004998601,0.978952146234061,0.253836972140767,0.0597263463860628
2006,6,279,986,113531,12001,63,126860,107155391,118.388817227124,0.92015902401028,0.260369541276743,0.0587931222237806
2006,7,258,938,106177,11994,71,119438,107155391,111.462427494665,0.875364264220733,0.240771833868816,0.0662589155220385
2006,8,336,957,111522,12734,59,125608,107155391,117.220420575947,0.893095523304096,0.31356331852683,0.0550602255746517
2006,9,293,976,110692,12230,60,124251,107155391,115.95403538773,0.910826782387458,0.273434679548694,0.0559934497369339
2006,10,308,1038,115463,12436,60,129305,107155391,120.670550303904,0.968686680448957,0.287433041982927,0.0559934497369339
2006,11,252,1002,106982,12826,64,121126,107155391,113.037709880598,0.935090610606796,0.235172488895122,0.0597263463860628
2006,12,211,1021,101113,12993,64,115402,107155391,107.695934775694,0.952821869690159,0.196910298241551,0.0597263463860628
2007,1,257,798,110163,12763,28,124009,108744845,114.036669968126,0.733827888577155,0.236333041809936,0.0257483469676195
2007,2,241,720,112433,12460,28,125882,108744845,115.759050463496,0.662100350595929,0.221619700685582,0.0257483469676195
2007,3,267,911,127056,13236,59,141529,108744845,130.147778499293,0.837740860267905,0.245528880012657,0.0542554453960553
2007,4,235,912,115512,12150,30,128839,108744845,118.47825982004,0.838660444088177,0.216102197763949,0.0275875146081637
2007,5,290,1010,127203,13411,35,141949,108744845,130.534003703808,0.928779658474845,0.266679307878916,0.0321854337095243
2007,6,326,894,121719,13451,43,136433,108744845,125.461579351187,0.822107935323279,0.299784325408712,0.0395421042717013
2007,7,258,795,116579,13439,35,131106,108744845,120.562956340597,0.731069137116339,0.237252625630208,0.0321854337095243
2007,8,272,795,119700,13869,28,134664,108744845,123.834835573125,0.731069137116339,0.250126799114018,0.0257483469676195
2007,9,242,830,117674,14251,26,133023,108744845,122.325798524059,0.763254570825863,0.222539284505854,0.0239091793270752
2007,10,281,865,122994,14786,35,138961,108744845,127.786287248835,0.795440004535387,0.258403053496467,0.0321854337095243
2007,11,225,885,113743,14521,44,129418,108744845,119.010698851978,0.81383168094083,0.206906359561228,0.0404616880919735
2007,12,229,838,105309,14794,47,121217,108744845,111.469191941926,0.77061124138804,0.210584694842316,0.0432204395527898
2008,1,274,932,113656,15778,52,130692,110405454,118.374586820684,0.844161195152551,0.248176145356008,0.0470991224763226
2008,2,285,866,115671,15008,54,131884,110405454,119.454243628218,0.784381539701834,0.25813942126446,0.0489106271869504
2008,3,284,987,117386,15599,67,134323,110405454,121.663373622828,0.893977574694815,0.257233668909146,0.060685407806031
2008,4,366,961,123158,15531,73,140089,110405454,126.885941703568,0.870428013456654,0.331505362044886,0.0661199219379144
2008,5,423,1159,125714,16088,60,143444,110405454,129.924740855646,1.04976697980881,0.383133246297778,0.0543451413188338
2008,6,379,1118,121211,15751,65,138524,110405454,125.468439267502,1.01263113324094,0.343280142663967,0.0588739030954032
2008,7,390,1154,115760,16371,67,133742,110405454,121.137131504391,1.04523821803224,0.353243418572419,0.060685407806031
2008,8,428,1120,117062,17346,74,136030,110405454,123.209492893349,1.01444263795156,0.387662008074347,0.0670256742932283
2008,9,471,1074,123590,15987,82,141204,110405454,127.895855579743,0.972778029607124,0.426609359352845,0.0742716931357395
2008,10,597,1275,123728,17441,90,143131,110405454,129.641240368433,1.15483425302522,0.540734156122396,0.0815177119782506
2008,11,516,1330,111360,16340,124,129670,110405454,117.448907913553,1.20465063256748,0.46736821534197,0.112313292058923
2008,12,456,1179,107010,16577,99,125321,110405454,113.509790920293,1.06788202691508,0.413023074023137,0.0896694831760757
2009,1,557,1184,115993,17735,94,135563,112095388,120.935394772888,1.0562432773773,0.496898230995909,0.0838571520890761
2009,2,532,1266,115710,16064,109,133681,112095388,119.256467536381,1.12939526111458,0.474595796929665,0.0972386125288223
2009,3,591,1193,127856,17050,116,146806,112095388,130.965245421159,1.06427215364115,0.527229541326,0.103483294067371
2009,4,533,1232,118785,15516,72,136138,112095388,121.448350756411,1.09906395078449,0.475487894292315,0.0642310101107817
2009,5,452,1268,122132,16704,105,140661,112095388,125.483307127676,1.13117945583988,0.403228007917685,0.0936702230782233
2009,6,536,1400,128746,16351,87,147120,112095388,131.245363993031,1.24893630770964,0.478164186380264,0.0776124705505279
2009,7,522,1375,124341,16954,112,143304,112095388,127.841120457159,1.2266338736434,0.465674823303167,0.0999149046167716
2009,8,488,1439,120949,16501,94,139471,112095388,124.421711266123,1.28372810485298,0.435343512973076,0.0838571520890761
2009,9,581,1478,117972,16928,86,137045,112095388,122.257483064334,1.31851990199632,0.518308567699503,0.0767203731878782
2009,10,548,1358,125401,17681,89,145077,112095388,129.422809081137,1.21146821847836,0.488869354732061,0.0793966652758274
2009,11,504,1349,112643,16774,89,131359,112095388,117.185017460308,1.20343934221451,0.449617070775472,0.0793966652758274
2009,12,488,1576,109325,18069,109,129567,112095388,115.58637898644,1.405945443536,0.435343512973076,0.0972386125288223
2010,1,583,1565,112582,18846,104,133680,113748671,117.52225219405,1.37584025047642,0.512533460720609,0.0914296396482733
2010,2,540,1310,116193,17652,95,135790,113748671,119.377218921529,1.15166180710806,0.47473082125065,0.0835174592940958
2010,3,650,1627,132298,19895,107,154577,113748671,135.8934558453,1.4303463818052,0.571435247801708,0.0940670330996658
2010,4,642,1667,123764,17783,112,143968,113748671,126.566753470025,1.46551162782377,0.564402198597995,0.0984626888519867
2010,5,563,1864,129538,19010,129,151104,113748671,132.840233359737,1.63870046446521,0.494950837711326,0.113407918409878
2010,6,509,1794,127338,18717,116,148474,113748671,130.528118434017,1.57716128393272,0.447477755586261,0.101979213453843
2010,7,505,1762,119738,19363,113,141481,113748671,124.380354298821,1.54902908711786,0.443961230984404,0.0993418200024509
2010,8,489,1822,123775,19882,89,146057,113748671,128.403258443345,1.60177695614571,0.429895132576978,0.0782426723913108
2010,9,418,1662,122299,19576,99,144054,113748671,126.642358748965,1.46111597207145,0.367476820894022,0.0870339838959525
2010,10,439,1903,124735,20799,91,147967,113748671,130.082398940731,1.67298657933331,0.385938575053769,0.0800009346922392
2010,11,400,1526,117209,20502,90,139727,113748671,122.838358260907,1.34155413560832,0.351652460185667,0.079121803541775
2010,12,378,1641,111448,20282,78,133827,113748671,117.651484473168,1.4426542179117,0.332311574875455,0.068572229736205
2011,1,356,1836,113468,20872,113,136645,115367452,118.443285026352,1.59143672515191,0.308579234288714,0.0979479030186087
2011,2,351,1660,116323,19385,115,137834,115367452,119.473904997052,1.43888069921142,0.304245256279041,0.0996814942224779
2011,3,406,1838,134359,21410,120,158133,115367452,137.068988920723,1.59317031635578,0.351919014385444,0.104015472232151
2011,4,320,1835,122544,17838,118,142655,115367452,123.652726593979,1.59056992954997,0.277374592619069,0.102281881028282
2011,5,405,2108,130504,20019,134,153170,115367452,132.767082348321,1.82720512887812,0.351052218783509,0.116150610659235
2011,6,406,2009,128088,18741,120,149364,115367452,129.468058287358,1.74139236428659,0.351919014385444,0.104015472232151
2011,7,369,1974,121881,19507,105,143836,115367452,124.676412199864,1.71105451821888,0.319847577113864,0.091013538203132
2011,8,378,1977,130069,19651,143,152218,115367452,131.94189293528,1.71365490502469,0.327648737531275,0.123951771076646
2011,9,425,1836,126490,19351,129,148231,115367452,128.485978870366,1.59143672515191,0.368388130822201,0.111816632649562
2011,10,371,1926,124229,18953,130,145609,115367452,126.213240802094,1.66944832932602,0.321581168317733,0.112683428251497
2011,11,397,1708,119395,18698,103,140301,115367452,121.612289747025,1.48048688810428,0.344117853968033,0.0892799469992628
2011,12,405,1702,112492,18537,103,133239,115367452,115.490979206163,1.47528611449267,0.351052218783509,0.0892799469992628
2012,1,539,1750,116955,18444,113,137801,116935670,117.843426218877,1.49654934204422,0.46093719734962,0.0966343289434268
2012,2,543,1654,116716,17486,110,136509,116935670,116.738545218922,1.41445292099494,0.464357881560006,0.0940688157856367
2012,3,555,1794,131606,18663,129,152747,116935670,130.624812770988,1.53417686835847,0.474619934191167,0.110317065784974
2012,4,543,1860,118212,17027,106,137748,116935670,117.79810215309,1.59061815782986,0.464357881560006,0.0906481315752499
2012,5,629,1978,130781,17749,124,151261,116935670,129.354028586829,1.69152834203627,0.537902592083322,0.10604121052199
2012,6,679,1862,126183,16258,106,145088,116935670,124.07505767915,1.59232849993505,0.580661144713157,0.0906481315752499
2012,7,598,1807,123728,17271,97,143501,116935670,122.717901218679,1.54529409204223,0.511392289452825,0.0829515921018796
2012,8,695,1911,127304,17405,116,147431,116935670,126.078723455384,1.63423188151229,0.594343881554704,0.0991998421012169
2012,9,642,1824,125335,16809,111,144721,116935670,123.761209902847,1.55983199993638,0.549019815767079,0.0949239868382334
2012,10,670,1662,131416,17768,142,151658,116935670,129.69353149471,1.42129428941571,0.572964605239787,0.121434289468731
2012,11,612,1658,121592,17197,139,141198,116935670,120.748442284548,1.41787360520532,0.523364684189178,0.118868776310941
2012,12,575,1699,113906,16627,128,132935,116935670,113.682163876942,1.45293561836179,0.491723355243101,0.109461894732377
2013,1,577,1515,119819,17662,134,139707,118453929,117.942056611731,1.27897825997819,0.487109211886083,0.113124149727444
2013,2,594,1419,115935,15826,115,133889,118453929,113.030442409386,1.19793409300927,0.501460783120161,0.0970841583481794
2013,3,640,1595,122114,16347,149,140845,118453929,118.902767674342,1.34651506578562,0.540294446459433,0.125787300816337
2013,4,764,1643,132726,15849,146,151128,118453929,127.583779850814,1.38703714927008,0.644976495460948,0.123254670598558
2013,5,784,1620,131478,16185,135,150202,118453929,126.802041323593,1.36762031760044,0.661860696912806,0.113968359800037
2013,6,688,1569,123286,14746,142,140431,118453929,118.553264704289,1.3245656038982,0.580816529943891,0.119877830308187
2013,7,781,1468,127578,15356,151,145334,118453929,122.692426690211,1.23930038656632,0.659328066695027,0.127475720961523
2013,8,668,1464,131195,16375,151,149853,118453929,126.507412008259,1.23592354627595,0.563932328492033,0.127475720961523
2013,9,721,1478,122460,14637,137,139433,118453929,117.710743051841,1.24774248729225,0.608675462339455,0.115656779945222
2013,10,726,1509,131762,15587,157,149741,118453929,126.412860480128,1.27391299954263,0.61289651270242,0.13254098139708
2013,11,666,1394,116979,15149,152,134340,118453929,113.411181152125,1.17682884119445,0.562243908346848,0.128319931034115
2013,12,604,1432,112843,14985,119,129983,118453929,109.732957865838,1.20890882395298,0.50990288384609,0.100460998638551
2014,1,583,1369,113086,15204,133,130375,119936411,108.703436190032,1.1414381909427,0.486090916960989,0.110892095979093
2014,2,553,1283,114324,13861,146,130167,119936411,108.530010957223,1.06973352737727,0.461077662228862,0.121731173029682
2014,3,602,1412,128069,14541,137,144761,119936411,120.698125609245,1.17729052272541,0.501932644958002,0.114227196610044
2014,4,619,1367,123097,13279,137,138499,119936411,115.477025571492,1.13977064062722,0.51610682263954,0.114227196610044
2014,5,507,1397,127563,14071,135,143673,119936411,119.790978237626,1.16478389535935,0.422724004972935,0.112559646294569
2014,6,449,1206,124038,12952,111,138756,119936411,115.691305787031,1.00553284023148,0.374365045824158,0.0925490425088675
2014,7,415,1196,122232,13722,98,137663,119936411,114.779989539624,0.997195088654104,0.346016690461081,0.0817099654582794
2014,8,407,1286,121265,13521,116,136595,119936411,113.88951767116,1.07223485285048,0.339346489199181,0.0967179182975552
2014,9,426,1245,121775,13217,98,136761,119936411,114.027924347344,1.03805007138324,0.355188217196194,0.0817099654582794
2014,10,476,1281,124534,13923,99,140313,119936411,116.989493707628,1.06806597706179,0.396876975083071,0.0825437406160169
2014,11,363,1224,108286,13183,102,123158,119936411,102.686080876641,1.02054079307075,0.302660382258729,0.0850450660892296
2014,12,380,1254,107315,13221,83,122253,119936411,101.931514358888,1.04555404780288,0.316834559940267,0.0692033380922162
2015,1,369,1229,104373,13838,89,119898,121347800,98.8052523407923,1.0127913320225,0.304084622877382,0.073342903620832
2015,2,468,1248,106437,12865,108,121126,121347800,99.8172195952461,1.02844880582919,0.385668302185948,0.0890003774275265
2015,3,430,1266,115064,13737,76,130573,121347800,107.602280387448,1.04328220206712,0.354353354572559,0.0626298952267779
2015,4,471,1332,113232,12506,85,127626,121347800,105.173723792273,1.09767132160616,0.388140534892268,0.0700465933457384
2015,5,442,1438,116488,13005,96,131469,121347800,108.340653889069,1.18502354389614,0.36424228539784,0.0791114466022458
2015,6,441,1387,117190,13201,107,132326,121347800,109.046888365508,1.1429955878887,0.363418207829067,0.0881762998587531
2015,7,434,1393,114577,13020,79,129503,121347800,106.720517388861,1.14794005330134,0.357649664847653,0.0651021279330981
2015,8,406,1556,113778,13559,64,129363,121347800,106.605146529232,1.2822646970114,0.334575492921998,0.0527409644014972
2015,9,389,1424,114952,13796,79,130640,121347800,107.657493584556,1.17348645793331,0.32056617425285,0.0651021279330981
2015,10,447,1398,118925,14016,84,134870,121347800,111.143341700468,1.1520604411452,0.368362673241707,0.0692225157769651
2015,11,388,1455,112500,14113,91,128547,121347800,105.932699233113,1.19903286256529,0.319742096684077,0.0749910587583788
2015,12,387,1405,105357,13289,103,120541,121347800,99.3351342175136,1.15782898412662,0.318918019115303,0.0848799895836595
2016,1,373,1457,101659,13164,78,116731,122715165,95.1235326131045,1.18730231915509,0.303955912865374,0.0635618262828396
2016,2,386,1481,109243,13665,84,124859,122715165,101.74700086986,1.2068598041652,0.314549550579181,0.0684511975353657
2016,3,388,1574,114266,14152,86,130466,122715165,106.316118305346,1.28264505857935,0.316179340996689,0.0700809879528745
2016,4,388,1529,120412,13493,98,135920,122715165,110.760556773892,1.24597477418541,0.316179340996689,0.0798597304579267
2016,5,348,1759,122637,13882,84,138710,122715165,113.034114406316,1.43340067219891,0.283583532646515,0.0684511975353657
2016,6,465,1654,123935,13171,90,139315,122715165,113.527126007613,1.3478366752797,0.378926272070775,0.0733405687878919
2016,7,480,1859,119884,13757,106,136086,122715165,110.895829378545,1.51489019307434,0.39114970020209,0.0863788921279615
2016,8,486,1946,124356,14125,83,140996,122715165,114.896964853529,1.58578607623597,0.396039071454616,0.0676363023266114
2016,9,428,1961,126287,14674,87,143437,122715165,116.886124058098,1.59800950436729,0.348775149346864,0.0708958831616288
2016,10,529,1820,126439,14636,107,143531,122715165,116.962724207721,1.48310927993292,0.431079565431053,0.0871937873367159
2016,11,471,1866,120868,14690,117,138012,122715165,112.465317550606,1.52059445953562,0.383815643323301,0.0953427394242594
2016,12,530,1846,122825,15066,107,140374,122715165,114.390100033684,1.50429655536054,0.431894460639808,0.0871937873367159
2017,1,560,1960,126043,16123,99,144785,124041731,116.722814840435,1.58011338942053,0.451460968405867,0.0798118497717514
2017,2,472,1870,120461,15005,91,137899,124041731,111.171457289644,1.5075571623553,0.380517101942088,0.0733624073659533
2017,3,490,2039,137864,16451,100,156944,124041731,126.525161116947,1.64380163317779,0.395028347355133,0.0806180300724762
2017,4,435,1999,124294,15468,92,142288,124041731,114.709782629525,1.6115544211488,0.350688430815271,0.0741685876666781
2017,5,533,2218,140935,16746,100,160532,124041731,129.417736035947,1.78810790700752,0.429694100286298,0.0806180300724762
2017,6,517,2261,142034,16514,107,161433,124041731,130.1441044869,1.82277365993869,0.416795215474702,0.0862612921775495
2017,7,417,2084,132231,16758,92,151582,124041731,122.202422344461,1.6800797467104,0.336177185402226,0.0741685876666781
2017,8,526,2181,142854,17767,99,163427,124041731,131.751628006546,1.75827923588071,0.424050838181225,0.0798118497717514
2017,9,494,2217,133735,17115,88,153649,124041731,123.868797026059,1.7873017267068,0.398253068558032,0.070943866463779
2017,10,493,2420,144704,18117,86,165820,124041731,133.68081746618,1.95095632775392,0.397446888257308,0.0693315058623295
2017,11,444,2246,135444,17449,104,155687,124041731,125.511792478936,1.81068095542781,0.357944053521794,0.0838427512753752
2017,12,429,2276,122353,16567,91,141716,124041731,114.24864749751,1.83486636444956,0.345851349010923,0.0733624073659533
2018,1,434,2238,127590,17814,76,148152,125327797,118.211604724848,1.78571717812929,0.346291892452239,0.0606409765584565
2018,2,456,2127,124162,16100,74,142919,125327797,114.036154325764,1.69714943605049,0.363845859350739,0.0590451613858656
2018,3,494,2430,136594,16974,93,156585,125327797,124.940359400078,1.93891543469802,0.394166347629967,0.0742054055254797
2018,4,548,2459,136342,16594,80,156023,125327797,124.49193533658,1.96205475470059,0.437253357289923,0.0638326069036385
2018,5,468,2609,144537,17028,77,164719,125327797,131.430539707005,2.08174089264491,0.373420750386285,0.061438884144752
2018,6,546,2399,134385,15951,81,153362,125327797,122.368703249448,1.91418029952286,0.435657542117333,0.0646305144899339
2018,7,496,2711,136724,16606,85,156622,125327797,124.969881980771,2.16312746644705,0.395762162802558,0.0678221448351159
2018,8,580,2598,141990,17050,72,162290,125327797,129.492422179894,2.07296390919566,0.462786400051379,0.0574493462132746
2018,9,495,2630,135089,15461,82,153757,125327797,122.683876746034,2.09849695195711,0.394964255216263,0.0654284220762294
2018,10,563,2536,145090,17632,88,165909,125327797,132.380049734697,2.02349363884534,0.449221971084356,0.0702158675940023
2018,11,571,2400,130565,16906,82,150524,125327797,120.104241519541,1.91497820710915,0.45560523177472,0.0654284220762294
2018,12,509,2513,126895,17366,91,147374,125327797,117.59083262271,2.00514176436054,0.4061349614244,0.0726095903528888
